<?xml version="1.0" encoding="UTF-8" standalone="yes"?>
<addon id="plugin.video.CanalesTV" version="1.0.0" name="CanalesTV" provider-name="taurum">
    <requires>
        <import addon="xbmc.python" version="3.0.0"/>
        <import addon="script.module.routing" version="0.2.0"/>
    </requires>
    <extension point="xbmc.python.pluginsource" library="main.py">
        <provides>video</provides>
    </extension>
    <extension point="xbmc.addon.metadata">
        <summary lang="es_ES">Addon para reproducir Deportes</summary>
        <description lang="es_ES">Este addon permite reproducir canales de deporte.</description>
        <language>es</language>
        <platform>all</platform>
        <license>MIT</license>
        <forum></forum>
        <website></website>
        <email></email>
        <source></source>
        <news></news>
        <disclaimer></disclaimer>
        <assets>
            <icon>img.jpg</icon>
        </assets>
    </extension>
</addon>