<addon id="plugin.video.SportFreex" version="0.0.1" name="SportFreex" provider-name="taurum">
    <name>SportFreex</name>
    <summary>Addon para reproducir Deportes</summary>
    <description>Este addon permite reproducir canales de deporte.</description>
    <platform>all</platform>
    <extension point="xbmc.python.script" library="main.py" />
    <extension point="xbmc.addon.metadata">
        <summary>Addon para reproducir Deportes</summary>
        <description>Este addon permite reproducir canales de deporte.</description>
        <platform>all</platform>
        <version>0.0.1</version>
        <provider-name>taurum</provider-name>
        <assets>
            <icon>img.jpg</icon>
        </assets>
    </extension>
</addon>
