<?xml version="1.0" encoding="UTF-8" standalone="yes"?>
<addon id="plugin.video.barjola" name="Eventos Deportivos" version="1.0.0" provider-name="Barjola">
  <requires>
    <import addon="xbmc.python" version="3.0.0"/>
    <import addon="script.module.horus" optional="true"/>
  </requires>
  
  <extension point="xbmc.python.pluginsource" library="main.py">
    <provides>video</provides>
  </extension>
  
  <extension point="xbmc.addon.metadata">
    <summary lang="es">Lista de eventos deportivos</summary>
    <description lang="es">Addon para visualizar eventos desde ms.barjola.es</description>
    <platform>all</platform>
    <assets>
        <icon>img.jpg</icon>
    </assets>
  </extension>
</addon>