<addon id="plugin.video.CanalesTV" version="2.0.0" name="CanalesTV" provider-name="taurum">
    <name>CanalesTV</name>
    <summary>Addon para reproducir Deportes</summary>
    <description>Este addon permite reproducir canales de deporte.</description>
    <platform>all</platform>
    <extension point="xbmc.python.script" library="main.py" />
    <extension point="xbmc.addon.metadata">
        <summary>Addon para reproducir Deportes</summary>
        <description>Este addon permite reproducir canales de deporte.</description>
        <platform>all</platform>
        <version>2.0.0</version>
        <provider-name>taurum</provider-name>
        <assets>
            <icon>img.jpg</icon>
        </assets>
    </extension>
</addon>
